run_id,timestamp,hardware,gpu_count,model,rung,concurrency,repeat,warmup_n,requests,output_tokens_per_sec,total_tokens_per_sec,ttft_p50,ttft_p95,ttft_p99,e2e_p50,e2e_p95,e2e_p99,gpu_util_pct,gpu_mem_mb,kv_cache_pct,errors,notes
9481b7c9-f169-44ee-9795-913140ad96c9,2026-09-08T02:26:47.349085+00:00,kaggle_t4_x1,1,Qwen/Qwen2.5-3B-Instruct,0,1,1,2,10,19.5632,36.092,7544.913,10420.032,10550.931,7544.913,10420.032,10550.931,,,,0,
1f88b870-0888-4e70-824c-871c707454c2,2026-09-08T02:28:08.626283+00:00,kaggle_t4_x1,1,Qwen/Qwen2.5-3B-Instruct,0,1,2,2,10,19.4885,35.9542,7520.222,10379.902,10491.025,7520.222,10379.902,10491.025,,,,0,
45f755d8-0c9c-4acb-aa37-2c8940cff5b6,2026-09-08T02:29:28.901435+00:00,kaggle_t4_x1,1,Qwen/Qwen2.5-3B-Instruct,0,1,3,2,10,19.7699,36.4733,7440.597,10200.922,10237.849,7440.597,10200.922,10237.849,,,,0,
5a88d687-5d43-4f32-abcf-a19b9bbe95ca,2026-09-08T02:30:49.457080+00:00,kaggle_t4_x1,1,Qwen/Qwen2.5-3B-Instruct,0,4,1,2,10,19.6392,36.2323,28029.113,31260.997,31993.39,28029.113,31260.997,31993.39,,,,0,
1a1f082c-2e4a-47c0-aa8a-d5238d5f7226,2026-09-08T02:32:09.794994+00:00,kaggle_t4_x1,1,Qwen/Qwen2.5-3B-Instruct,0,4,2,2,10,19.6593,36.2692,27966.432,31168.007,31725.601,27966.432,31168.007,31725.601,,,,0,
4af7a959-0900-4b70-a7f8-c32f0db2b15d,2026-09-08T02:33:30.316997+00:00,kaggle_t4_x1,1,Qwen/Qwen2.5-3B-Instruct,0,4,3,2,10,19.6724,36.2934,27925.062,30995.058,31681.02,27925.062,30995.058,31681.02,,,,0,
0b54dc25-b3cd-48d1-9e8b-d01ace35301b,2026-09-08T02:35:32.086394+00:00,kaggle_t4_x1,1,Qwen/Qwen2.5-3B-Instruct,0,8,1,2,16,19.6617,36.3618,50864.463,57635.272,59364.038,50864.463,57635.272,59364.038,,,,0,
18ea9529-6cc2-4e78-9b85-1ce6468c09c9,2026-09-08T02:37:33.784521+00:00,kaggle_t4_x1,1,Qwen/Qwen2.5-3B-Instruct,0,8,2,2,16,19.7003,36.4332,50937.124,57553.594,59491.368,50937.124,57553.594,59491.368,,,,0,
737eac05-59a1-427c-9af6-2cc35874861a,2026-09-08T02:39:36.286930+00:00,kaggle_t4_x1,1,Qwen/Qwen2.5-3B-Instruct,0,8,3,2,16,19.543,36.1422,51293.256,58026.745,59941.726,51293.256,58026.745,59941.726,,,,0,
887816b3-b63d-40d5-92d9-998a17249fdd,2026-09-08T02:43:26.646746+00:00,kaggle_t4_x1,1,Qwen/Qwen2.5-3B-Instruct,0,16,1,2,32,19.5558,36.2184,106255.447,114876.654,117343.734,106255.447,114876.654,117343.734,,,,0,
4ff6131c-a778-4955-b6a6-045118ddceae,2026-09-08T02:47:16.579258+00:00,kaggle_t4_x1,1,Qwen/Qwen2.5-3B-Instruct,0,16,2,2,32,19.6121,36.3226,105437.212,114126.032,116496.149,105437.212,114126.032,116496.149,,,,0,
e6a2484a-5e40-459e-8222-b82a6ca42b21,2026-09-08T02:51:06.199006+00:00,kaggle_t4_x1,1,Qwen/Qwen2.5-3B-Instruct,0,16,3,2,32,19.6276,36.3514,105735.781,114539.052,116840.579,105735.781,114539.052,116840.579,,,,0,
4f07884c-60e8-4e54-80ea-3f87b4784c8a,2026-09-08T02:55:18.258811+00:00,kaggle_t4_x1,1,Qwen/Qwen2.5-3B-Instruct,0,32,1,2,64,8.9606,16.5715,59321.274,105239.244,109872.99,59321.274,105239.244,109872.99,,,,48,
f5b0481b-9a0d-43cc-b1bc-84d55a2471f9,2026-09-08T03:02:50.616372+00:00,kaggle_t4_x1,1,Qwen/Qwen2.5-3B-Instruct,0,32,2,2,64,9.797,17.8612,63280.67,111236.65,117824.053,63280.67,111236.65,117824.053,,,,47,
50a2eb74-790a-460e-88b2-41c700091ad7,2026-09-08T03:10:21.428783+00:00,kaggle_t4_x1,1,Qwen/Qwen2.5-3B-Instruct,0,32,3,2,64,8.9602,16.5708,59718.726,105499.16,110135.179,59718.726,105499.16,110135.179,,,,48,
bb2382c1-44a6-41bb-b6e1-cc51803f3252,2026-09-08T08:09:56.890254+00:00,kaggle_t4_x1,1,Qwen/Qwen2.5-3B-Instruct,1,1,1,2,10,36.2581,36.2581,71.773,75.144,75.302,4120.192,5571.097,5617.69,,,,0,
0fb82151-05a3-4e78-9c8b-71f84806ea38,2026-09-08T08:10:40.727575+00:00,kaggle_t4_x1,1,Qwen/Qwen2.5-3B-Instruct,1,1,2,2,10,35.8378,35.8378,62.479,63.761,64.029,3701.182,5631.575,5658.735,,,,0,
4e9870a7-5b44-4322-979b-580905bd03ed,2026-09-08T08:11:27.045384+00:00,kaggle_t4_x1,1,Qwen/Qwen2.5-3B-Instruct,1,1,3,2,10,33.7381,33.7381,65.248,69.2,70.573,3947.692,5967.545,5989.053,,,,0,
ffc4b282-729c-4b0b-a358-c96201db681a,2026-09-08T08:11:45.993518+00:00,kaggle_t4_x1,1,Qwen/Qwen2.5-3B-Instruct,1,4,1,2,10,121.7667,121.7667,91.597,98.673,99.71,4439.524,6176.144,6224.776,,,,0,
27aca089-b873-4a24-a99c-ea09075ab352,2026-09-08T08:12:05.107113+00:00,kaggle_t4_x1,1,Qwen/Qwen2.5-3B-Instruct,1,4,2,2,10,121.358,121.358,92.502,98.584,99.321,4451.966,6194.525,6241.074,,,,0,
019155bc-5268-4255-a80a-a73d879f2876,2026-09-08T08:12:24.411838+00:00,kaggle_t4_x1,1,Qwen/Qwen2.5-3B-Instruct,1,4,3,2,10,121.1826,121.1826,92.062,98.692,99.112,4460.199,6201.881,6252.138,,,,0,
086de737-4347-499b-9704-d449382b492d,2026-09-08T08:12:44.773329+00:00,kaggle_t4_x1,1,Qwen/Qwen2.5-3B-Instruct,1,8,1,2,16,178.7097,178.7097,92.316,103.468,103.862,4556.24,6565.003,6657.976,,,,0,
9de1a8be-8d6a-4a46-9612-75b23be0e7c3,2026-09-08T08:13:05.405147+00:00,kaggle_t4_x1,1,Qwen/Qwen2.5-3B-Instruct,1,8,2,2,16,177.9914,177.9914,92.587,104.773,105.079,4564.718,6579.977,6674.284,,,,0,
23ea9155-2bc0-4666-9b60-9ac6718f9745,2026-09-08T08:13:26.270517+00:00,kaggle_t4_x1,1,Qwen/Qwen2.5-3B-Instruct,1,8,3,2,16,177.074,177.074,92.552,103.189,104.619,4567.29,6624.786,6686.887,,,,0,
f8b78db4-9257-4ed7-92ef-f7fda9d2f77d,2026-09-08T08:13:47.618028+00:00,kaggle_t4_x1,1,Qwen/Qwen2.5-3B-Instruct,1,16,1,2,32,342.0845,342.0845,120.059,135.596,135.892,5077.112,7353.747,7471.097,,,,0,
9264d779-1b58-465c-b68f-eb7476e735a8,2026-09-08T08:14:08.987365+00:00,kaggle_t4_x1,1,Qwen/Qwen2.5-3B-Instruct,1,16,2,2,32,347.1332,347.1332,113.116,144.724,145.347,5216.453,7355.145,7477.649,,,,0,
56887a5c-404a-4d17-a0bb-6c503f2dd4f0,2026-09-08T08:14:30.510609+00:00,kaggle_t4_x1,1,Qwen/Qwen2.5-3B-Instruct,1,16,3,2,32,347.8956,347.8956,113.265,138.876,139.643,5294.504,7363.492,7482.427,,,,0,
28c047c9-cdbf-494d-8c1f-1febb66af79f,2026-09-08T08:14:56.625142+00:00,kaggle_t4_x1,1,Qwen/Qwen2.5-3B-Instruct,1,32,1,2,64,507.565,507.565,146.513,214.157,227.54,6605.198,9364.707,9594.912,,,,0,
7c20c7af-4135-4fd6-a1a1-6a9f5ee26421,2026-09-08T08:15:22.805736+00:00,kaggle_t4_x1,1,Qwen/Qwen2.5-3B-Instruct,1,32,2,2,64,510.8831,510.8831,146.983,217.884,218.549,6617.869,9378.519,9606.28,,,,0,
7dcc65ed-db2b-4992-8356-4839135096d1,2026-09-08T08:15:48.985243+00:00,kaggle_t4_x1,1,Qwen/Qwen2.5-3B-Instruct,1,32,3,2,64,508.3969,508.3969,145.458,215.852,217.344,6614.931,9377.319,9608.161,,,,0,
162cab07-96be-4c3a-a972-fb62e77552a0,2026-09-09T03:49:20.136946+00:00,kaggle_t4_x1,1,Qwen/Qwen2.5-3B-Instruct-AWQ,2,1,1,2,10,22.0509,22.0509,94.699,97.183,97.854,6449.501,9806.32,9989.289,,,,0,
3531bf31-dc69-4c0a-86a9-4f8159977a89,2026-09-09T03:50:39.718325+00:00,kaggle_t4_x1,1,Qwen/Qwen2.5-3B-Instruct-AWQ,2,1,2,2,10,22.0303,22.0303,94.26,101.745,102.939,6868.232,10269.691,10490.563,,,,0,
9d08ccd8-1cce-4db8-944b-a61fdfc97d77,2026-09-09T03:51:59.099301+00:00,kaggle_t4_x1,1,Qwen/Qwen2.5-3B-Instruct-AWQ,2,1,3,2,10,21.9653,21.9653,94.554,96.657,97.184,7021.136,10274.111,10510.107,,,,0,
5de71133-10a4-4863-87c6-39c215f553d0,2026-09-09T03:52:30.729656+00:00,kaggle_t4_x1,1,Qwen/Qwen2.5-3B-Instruct-AWQ,2,4,1,2,10,70.0137,70.0137,140.28,1046.263,1046.332,7130.592,10326.447,10333.346,,,,0,
d49b02f0-9227-4796-82b7-30c193dd13ed,2026-09-09T03:53:01.062542+00:00,kaggle_t4_x1,1,Qwen/Qwen2.5-3B-Instruct-AWQ,2,4,2,2,10,76.0862,76.0862,140.201,149.811,150.256,7149.724,10240.241,10383.93,,,,0,
4b6012dc-3a27-4172-90f8-d459d78a9321,2026-09-09T03:53:31.758817+00:00,kaggle_t4_x1,1,Qwen/Qwen2.5-3B-Instruct-AWQ,2,4,3,2,10,73.1155,73.1155,140.271,144.836,144.971,6219.372,10126.411,10297.646,,,,0,
b49aa661-9a75-4f17-92bc-906468b5a402,2026-09-09T03:54:02.209934+00:00,kaggle_t4_x1,1,Qwen/Qwen2.5-3B-Instruct-AWQ,2,8,1,2,16,123.521,123.521,144.038,166.291,166.892,7207.706,10254.098,10850.074,,,,0,
a9dab825-13e3-4065-9696-9b8c5a0e6a75,2026-09-09T03:54:32.471116+00:00,kaggle_t4_x1,1,Qwen/Qwen2.5-3B-Instruct-AWQ,2,8,2,2,16,125.4162,125.4162,139.656,158.92,158.926,7027.831,10061.636,10712.019,,,,0,
7ee36387-fab4-4fe4-b5ca-d506275fa33a,2026-09-09T03:55:02.713261+00:00,kaggle_t4_x1,1,Qwen/Qwen2.5-3B-Instruct-AWQ,2,8,3,2,16,123.4885,123.4885,142.027,159.739,159.823,7096.744,10282.693,10853.164,,,,0,
2793dde6-cc1a-4720-b4a4-9271c6473b48,2026-09-09T03:55:35.343177+00:00,kaggle_t4_x1,1,Qwen/Qwen2.5-3B-Instruct-AWQ,2,16,1,2,32,216.3189,216.3189,150.296,1064.355,1064.451,7422.643,11234.924,11555.51,,,,0,
15ba4836-4ada-48ee-989d-a7da91426969,2026-09-09T03:56:07.537994+00:00,kaggle_t4_x1,1,Qwen/Qwen2.5-3B-Instruct-AWQ,2,16,2,2,32,227.1698,227.1698,149.971,181.573,182.432,6792.763,11284.126,11398.258,,,,0,
edfb87cb-4eb4-4490-8e60-67a3263b9c04,2026-09-09T03:56:38.908920+00:00,kaggle_t4_x1,1,Qwen/Qwen2.5-3B-Instruct-AWQ,2,16,3,2,32,229.4603,229.4603,153.617,184.519,185.348,6815.7,11170.023,11463.75,,,,0,
9008b400-348d-4e03-8830-9cc6a6a41042,2026-09-09T03:57:11.391717+00:00,kaggle_t4_x1,1,Qwen/Qwen2.5-3B-Instruct-AWQ,2,32,1,2,64,450.5744,450.5744,170.675,282.381,297.59,7194.95,11742.999,11867.387,,,,0,
d495d139-50f2-4713-b226-94df05c3356b,2026-09-09T03:57:44.816723+00:00,kaggle_t4_x1,1,Qwen/Qwen2.5-3B-Instruct-AWQ,2,32,2,2,64,437.9238,437.9238,155.186,282.613,283.94,7116.728,11890.721,12591.181,,,,0,
2e635c57-51b9-4344-a9b9-28fe88dced51,2026-09-09T03:58:18.473707+00:00,kaggle_t4_x1,1,Qwen/Qwen2.5-3B-Instruct-AWQ,2,32,3,2,64,433.3584,433.3584,157.226,278.606,279.267,7268.589,12179.149,12770.968,,,,0,
